topic word 1,topic word 2,topic word 3,topic word 4,topic word 5,topic word 6,topic word 7,topic word 8,topic word 9,topic word 10,topic word 11,topic word 12,topic word 13,topic word 14,topic word 15,topic word 16,topic word 17,topic word 18,topic word 19,topic word 20
未尝,劣马,严求,招抚,吾子,指定,叛变,资治通鉴,宣称,享受,相攻,传统,困难,贸易,慰劳,病重,责备,供奉,刚正,夜间
处女,张咏,吴越,白猿,楚王,公平,王继恩,家产,沈章,遗嘱,财产,张咏道,竹枝,文化,宫室,剑侠传,宋太宗,沈括,侍姬,陈抟
杨行密,郑匡国,张训,文宗,王敬宏,铁砧,宦官,田膨郎,文稿,手巾,落叶,朱延寿,中尉,仆道,禁军,徐温,南唐,江淮,锡丸,池塘
王立,刘损,老叟,特务,做生意,黄损,陶潜,皮囊,长安城,店铺,妻室,裴氏,货物,赋中,巡察,诗句,文书,忆江南,纤手,席子
虬髯,李郎,太原,文静,东南,张氏,司空,权重,汾阳,沥酒,功业,卫公,文皇,罗列,革囊,心肝,行东,列奏,气性,列拜
未尝,劣马,严求,招抚,吾子,指定,叛变,资治通鉴,宣称,享受,相攻,传统,困难,贸易,慰劳,病重,责备,供奉,刚正,夜间
袁承志,令狐,说道,韦宝,虚竹,师父,武功,张翠山,韦宝道,郭靖,心中,知道,金轮法王,心想,弟子,兄弟,黄蓉,康熙,胡斐,功夫
韦生,孙老三,钱正伦,飞飞,老僧,贫僧,神刀骆,弹弓,汝州,洗手,路口,腰束,余劲衰,执韦,确想,口僧,指处林,中弹,牛牛身,否招夫
秦桧,高宗,李靖,岳飞,刘悟,虬髯,县令,李勉,张浚,聂隐娘,节度,传奇,国子监,韩世忠,李渊,苗刘二,魏博,董国庆,磨勒,品家
念珠,王超,甥女,舅舅,潘军,玄奘,慈恩寺,踢球,木屐,脚法,王超心,玉盒,做针线,商贾,中根见,相符,必提王,神坛,酬谢,法相宗
